"species","decimalLongitude","decimalLatitude","issues","countryCode","individualCount","occurrenceStatus","coordinateUncertaintyInMeters","institutionCode","gbifID","references","basisOfRecord","year","month","day","eventDate","geodeticDatum","datasetName","catalogNumber"
"Spiraea betulifolia",17.64625,59.82893,NA,"SWE",NA,"PRESENT",10,"SLU Artdatabanken",3767283668,NA,"HUMAN_OBSERVATION",2022,1,1,2022-01-01,"WGS84","Artportalen","97923797"
"Spiraea betulifolia",10.026842,59.756551,"cdc,cdround,gass84","NOR",1,"PRESENT",10,"nbf",3966023490,NA,"HUMAN_OBSERVATION",2022,5,11,2022-05-11,"WGS84",NA,"30775055"
"Spiraea betulifolia",158.636672,53.044278,"cdc,cdround","RUS",NA,"PRESENT",4,"iNaturalist",3858455504,"https://www.inaturalist.org/observations/120442968","HUMAN_OBSERVATION",2022,6,6,2022-06-06 12:36:01,"WGS84","iNaturalist research-grade observations","120442968"
"Spiraea betulifolia",158.3697,52.940025,"cdc,cdround","RUS",NA,"PRESENT",9,"iNaturalist",3858382620,"https://www.inaturalist.org/observations/120475967","HUMAN_OBSERVATION",2022,6,6,2022-06-06 17:11:52,"WGS84","iNaturalist research-grade observations","120475967"
"Spiraea betulifolia",158.639175,53.04525,"cdc","RUS",NA,"PRESENT",4,"iNaturalist",3859606618,"https://www.inaturalist.org/observations/120481094","HUMAN_OBSERVATION",2022,6,6,2022-06-06 11:51:32,"WGS84","iNaturalist research-grade observations","120481094"
"Spiraea betulifolia",158.638262,53.045895,"cdc","RUS",NA,"PRESENT",42,"iNaturalist",3858835942,"https://www.inaturalist.org/observations/120847205","HUMAN_OBSERVATION",2022,6,6,2022-06-06 11:53:16,"WGS84","iNaturalist research-grade observations","120847205"
"Spiraea betulifolia",158.187216,52.9315,"cdc,cdround","RUS",NA,"PRESENT",9,"iNaturalist",3860691635,"https://www.inaturalist.org/observations/121651634","HUMAN_OBSERVATION",2022,6,13,2022-06-13 08:47:17,"WGS84","iNaturalist research-grade observations","121651634"
"Spiraea betulifolia",158.638831,53.029395,"cdc","RUS",NA,"PRESENT",150,"iNaturalist",3858606606,"https://www.inaturalist.org/observations/122771646","HUMAN_OBSERVATION",2022,6,21,2022-06-21 18:32:29,"WGS84","iNaturalist research-grade observations","122771646"
"Spiraea betulifolia",158.627608,53.073906,"cdc,cdround","RUS",NA,"PRESENT",9,"iNaturalist",3860337902,"https://www.inaturalist.org/observations/123054138","HUMAN_OBSERVATION",2022,6,23,2022-06-23 16:08:11,"WGS84","iNaturalist research-grade observations","123054138"
"Spiraea betulifolia",158.640589,53.03788,"cdc,cdround","RUS",NA,"PRESENT",7,"iNaturalist",3859506945,"https://www.inaturalist.org/observations/123141556","HUMAN_OBSERVATION",2022,6,24,2022-06-24 09:56:55,"WGS84","iNaturalist research-grade observations","123141556"
"Spiraea betulifolia",158.641049,53.038209,"cdc,cdround","RUS",NA,"PRESENT",7,"iNaturalist",4018254561,"https://www.inaturalist.org/observations/123141562","HUMAN_OBSERVATION",2022,6,24,2022-06-24 09:56:54,"WGS84","iNaturalist research-grade observations","123141562"
"Spiraea betulifolia",158.641078,53.038185,"cdc,cdround","RUS",NA,"PRESENT",9,"iNaturalist",4018571534,"https://www.inaturalist.org/observations/123141571","HUMAN_OBSERVATION",2022,6,24,2022-06-24 09:56:07,"WGS84","iNaturalist research-grade observations","123141571"
"Spiraea betulifolia",158.641011,53.038148,"cdc,cdround","RUS",NA,"PRESENT",4,"iNaturalist",3873011756,"https://www.inaturalist.org/observations/123141575","HUMAN_OBSERVATION",2022,6,24,2022-06-24 09:55:41,"WGS84","iNaturalist research-grade observations","123141575"
"Spiraea betulifolia",158.641551,53.038255,"cdc,cdround","RUS",NA,"PRESENT",6,"iNaturalist",4018295589,"https://www.inaturalist.org/observations/123141830","HUMAN_OBSERVATION",2022,6,24,2022-06-24 09:59:16,"WGS84","iNaturalist research-grade observations","123141830"
"Spiraea betulifolia",158.640986,53.038273,"cdc,cdround","RUS",NA,"PRESENT",8,"iNaturalist",3860827823,"https://www.inaturalist.org/observations/123141859","HUMAN_OBSERVATION",2022,6,24,2022-06-24 09:59:56,"WGS84","iNaturalist research-grade observations","123141859"
"Spiraea betulifolia",158.647653,53.046071,"cdc,cdround","RUS",NA,"PRESENT",24,"iNaturalist",4018158573,"https://www.inaturalist.org/observations/123802428","HUMAN_OBSERVATION",2022,6,28,2022-06-28 19:37:20,"WGS84","iNaturalist research-grade observations","123802428"
"Spiraea betulifolia",135.888381,45.137199,"cdc,cdround","RUS",NA,"PRESENT",31,"iNaturalist",3902303976,"https://www.inaturalist.org/observations/130750429","HUMAN_OBSERVATION",2022,6,7,2022-06-07 08:15:00,"WGS84","iNaturalist research-grade observations","130750429"
"Spiraea betulifolia",156.610383,52.975719,"cdc","RUS",NA,"PRESENT",5,"iNaturalist",3985921330,"https://www.inaturalist.org/observations/142346193","HUMAN_OBSERVATION",2022,6,27,2022-06-27 17:16:00,"WGS84","iNaturalist research-grade observations","142346193"
"Spiraea betulifolia",12.95958,56.53143,NA,"SWE",NA,"PRESENT",10,"SLU Artdatabanken",3857550641,NA,"HUMAN_OBSERVATION",2022,6,19,2022-06-19,"WGS84","Artportalen","101755835"
"Spiraea betulifolia",13.11598,55.84581,NA,"SWE",NA,"PRESENT",139,"SLU Artdatabanken",3856640334,NA,"HUMAN_OBSERVATION",2022,6,1,2022-06-01,"WGS84","Artportalen","102107709"
"Spiraea betulifolia",10.363055,63.358473,"cdc,cdround,gass84","NOR",NA,"PRESENT",5,"nbf",3864200457,NA,"HUMAN_OBSERVATION",2022,6,2,2022-06-02,"WGS84",NA,"29817892"
"Spiraea betulifolia",158.645225,53.045015,"cdc,cdround","RUS",NA,"PRESENT",16,"iNaturalist",4018228569,"https://www.inaturalist.org/observations/124216187","HUMAN_OBSERVATION",2022,7,1,2022-07-01 19:26:46,"WGS84","iNaturalist research-grade observations","124216187"
"Spiraea betulifolia",158.659505,53.083003,"cdc,cdround","RUS",NA,"PRESENT",7,"iNaturalist",4063010461,"https://www.inaturalist.org/observations/124950517","HUMAN_OBSERVATION",2022,7,6,2022-07-06 10:51:45,"WGS84","iNaturalist research-grade observations","124950517"
"Spiraea betulifolia",158.660503,53.083237,"cdc,cdround","RUS",NA,"PRESENT",6,"iNaturalist",4062968431,"https://www.inaturalist.org/observations/124950921","HUMAN_OBSERVATION",2022,7,6,2022-07-06 10:58:43,"WGS84","iNaturalist research-grade observations","124950921"
"Spiraea betulifolia",157.970729,52.949905,"cdc,cdround","RUS",NA,"PRESENT",61,"iNaturalist",3873676632,"https://www.inaturalist.org/observations/125584650","HUMAN_OBSERVATION",2022,7,9,2022-07-09 06:14:00,"WGS84","iNaturalist research-grade observations","125584650"
"Spiraea betulifolia",157.879126,54.072041,"cdc,cdround","RUS",NA,"PRESENT",9,"iNaturalist",4075678708,"https://www.inaturalist.org/observations/125717776","HUMAN_OBSERVATION",2022,7,6,2022-07-06 17:31:51,"WGS84","iNaturalist research-grade observations","125717776"
"Spiraea betulifolia",158.856083,56.237505,"cdc,cdround","RUS",NA,"PRESENT",5,"iNaturalist",3873163635,"https://www.inaturalist.org/observations/125723504","HUMAN_OBSERVATION",2022,7,10,2022-07-10 12:10:51,"WGS84","iNaturalist research-grade observations","125723504"
"Spiraea betulifolia",157.860915,53.01335,"cdc,cdround","RUS",NA,"PRESENT",61,"iNaturalist",3873346332,"https://www.inaturalist.org/observations/126035404","HUMAN_OBSERVATION",2022,7,9,2022-07-09 07:48:00,"WGS84","iNaturalist research-grade observations","126035404"
"Spiraea betulifolia",157.933334,53.066796,"cdc,cdround","RUS",NA,"PRESENT",61,"iNaturalist",3873442077,"https://www.inaturalist.org/observations/126043211","HUMAN_OBSERVATION",2022,7,9,2022-07-09 10:20:00,"WGS84","iNaturalist research-grade observations","126043211"
"Spiraea betulifolia",159.914364,54.512256,"cdc,cdround","RUS",NA,"PRESENT",122,"iNaturalist",3925169560,"https://www.inaturalist.org/observations/126067727","HUMAN_OBSERVATION",2022,7,10,2022-07-10 05:38:00,"WGS84","iNaturalist research-grade observations","126067727"
"Spiraea betulifolia",158.717823,55.922788,"cdc,cdround","RUS",NA,"PRESENT",8,"iNaturalist",3873996733,"https://www.inaturalist.org/observations/126319103","HUMAN_OBSERVATION",2022,7,15,2022-07-15 12:02:04,"WGS84","iNaturalist research-grade observations","126319103"
"Spiraea betulifolia",158.639816,55.979075,"cdc,cdround","RUS",NA,"PRESENT",8,"iNaturalist",3873153706,"https://www.inaturalist.org/observations/126606090","HUMAN_OBSERVATION",2022,7,17,2022-07-17 13:06:06,"WGS84","iNaturalist research-grade observations","126606090"
"Spiraea betulifolia",157.742516,53.118102,"cdc,cdround","RUS",NA,"PRESENT",6,"iNaturalist",3881351520,"https://www.inaturalist.org/observations/127185969","HUMAN_OBSERVATION",2022,7,21,2022-07-21 15:31:39,"WGS84","iNaturalist research-grade observations","127185969"
"Spiraea betulifolia",162.299712,56.264811,"cdc,cdround","RUS",NA,"PRESENT",4,"iNaturalist",3881361543,"https://www.inaturalist.org/observations/127770022","HUMAN_OBSERVATION",2022,7,24,2022-07-24 11:06:44,"WGS84","iNaturalist research-grade observations","127770022"
"Spiraea betulifolia",162.206783,56.2759,"cdc,cdround","RUS",NA,"PRESENT",3,"iNaturalist",3873433747,"https://www.inaturalist.org/observations/127775489","HUMAN_OBSERVATION",2022,7,24,2022-07-24 11:58:05,"WGS84","iNaturalist research-grade observations","127775489"
"Spiraea betulifolia",166.006045,60.42128,"cdc,cdround","RUS",NA,"PRESENT",6,"iNaturalist",3902503374,"https://www.inaturalist.org/observations/133194976","HUMAN_OBSERVATION",2022,7,10,2022-07-10 13:16:37,"WGS84","iNaturalist research-grade observations","133194976"
"Spiraea betulifolia",156.735522,53.028418,"cdc","RUS",NA,"PRESENT",3,"iNaturalist",3986254330,"https://www.inaturalist.org/observations/142346192","HUMAN_OBSERVATION",2022,7,17,2022-07-17 12:01:00,"WGS84","iNaturalist research-grade observations","142346192"
"Spiraea betulifolia",158.652738,55.914576,"cdc,cdround","RUS",NA,"PRESENT",6,"iNaturalist",3881579917,"https://www.inaturalist.org/observations/129120442","HUMAN_OBSERVATION",2022,8,2,2022-08-02 14:57:55,"WGS84","iNaturalist research-grade observations","129120442"
"Spiraea betulifolia",158.689992,55.863367,"cdc,cdround","RUS",NA,"PRESENT",6,"iNaturalist",3902590054,"https://www.inaturalist.org/observations/131439837","HUMAN_OBSERVATION",2022,8,19,2022-08-19 14:26:47,"WGS84","iNaturalist research-grade observations","131439837"
"Spiraea betulifolia",169.300384,61.066268,"cdc,cdround","RUS",NA,"PRESENT",7,"iNaturalist",3903167203,"https://www.inaturalist.org/observations/133430654","HUMAN_OBSERVATION",2022,8,13,2022-08-13 15:00:05,"WGS84","iNaturalist research-grade observations","133430654"
"Spiraea betulifolia",165.968001,60.607276,"cdc,cdround","RUS",NA,"PRESENT",3,"iNaturalist",3903156748,"https://www.inaturalist.org/observations/133430846","HUMAN_OBSERVATION",2022,8,23,2022-08-23 16:31:31,"WGS84","iNaturalist research-grade observations","133430846"
"Spiraea betulifolia",160.261963,55.640025,"cdc,cdround","RUS",NA,"PRESENT",7,"iNaturalist",4022067660,"https://www.inaturalist.org/observations/133605624","HUMAN_OBSERVATION",2022,8,18,2022-08-18 10:12:58,"WGS84","iNaturalist research-grade observations","133605624"
"Spiraea betulifolia",158.129106,52.481062,"cdc,cdround","RUS",NA,"PRESENT",4,"iNaturalist",4022230665,"https://www.inaturalist.org/observations/133799138","HUMAN_OBSERVATION",2022,8,23,2022-08-23 09:48:08,"WGS84","iNaturalist research-grade observations","133799138"
"Spiraea betulifolia",158.197692,52.537445,"cdc,cdround","RUS",NA,"PRESENT",4,"iNaturalist",4021951572,"https://www.inaturalist.org/observations/133802674","HUMAN_OBSERVATION",2022,8,23,2022-08-23 17:56:26,"WGS84","iNaturalist research-grade observations","133802674"
"Spiraea betulifolia",158.130671,52.479943,"cdc,cdround","RUS",NA,"PRESENT",4,"iNaturalist",3915421157,"https://www.inaturalist.org/observations/135922536","HUMAN_OBSERVATION",2022,8,23,2022-08-23 09:50:00,"WGS84","iNaturalist research-grade observations","135922536"
"Spiraea betulifolia",158.126922,52.480113,"cdc,cdround","RUS",NA,"PRESENT",6,"iNaturalist",4062822655,"https://www.inaturalist.org/observations/150541475","HUMAN_OBSERVATION",2022,8,23,2022-08-23 11:51:20,"WGS84","iNaturalist research-grade observations","150541475"
"Spiraea betulifolia",158.129106,52.479978,"cdc,cdround","RUS",NA,"PRESENT",4,"iNaturalist",4126779217,"https://www.inaturalist.org/observations/163727531","HUMAN_OBSERVATION",2022,8,23,2022-08-23 10:10:15,"WGS84","iNaturalist research-grade observations","163727531"
"Spiraea betulifolia",17.64608,59.82899,NA,"SWE",NA,"PRESENT",25,"SLU Artdatabanken",3887111348,NA,"HUMAN_OBSERVATION",2022,8,3,2022-08-03 12:25:00,"WGS84","Artportalen","102694355"
"Spiraea betulifolia",157.543723,52.623554,"cdc,cdround","RUS",NA,"PRESENT",122,"iNaturalist",3912327619,"https://www.inaturalist.org/observations/135341984","HUMAN_OBSERVATION",2022,9,9,2022-09-09 13:28:00,"WGS84","iNaturalist research-grade observations","135341984"
"Spiraea betulifolia",-156.707166,58.705075,"cdc,cdround","USA",NA,"PRESENT",61,"iNaturalist",4006606544,"https://www.inaturalist.org/observations/135946519","HUMAN_OBSERVATION",2022,9,19,2022-09-19 17:38:00,"WGS84","iNaturalist research-grade observations","135946519"
"Spiraea betulifolia",15.05812,57.44436,"inmano","SWE",NA,"PRESENT",25,"SLU Artdatabanken",4169481402,NA,"PRESERVED_SPECIMEN",2022,9,24,2022-09-24,"WGS84","Artportalen","111006484"
"Spiraea betulifolia",12.81684,56.65969,NA,"SWE",NA,"PRESENT",190,"SLU Artdatabanken",3964327453,NA,"HUMAN_OBSERVATION",2022,10,1,2022-10-01,"WGS84","Artportalen","103860775"
"Spiraea betulifolia",17.64579,59.82902,NA,"SWE",NA,"PRESENT",50,"SLU Artdatabanken",3077785617,NA,"HUMAN_OBSERVATION",2021,3,8,2021-03-08 09:30:00,"WGS84","Artportalen","91459052"
"Spiraea betulifolia",37.694927,55.830736,"cdc,cdround","RUS",NA,"PRESENT",3,"Moscow State University",3359198713,"https://www.inaturalist.org/observations/80512797","HUMAN_OBSERVATION",2021,5,27,2021-05-27,"WGS84","""Flora of Russia"" on iNaturalist: a trusted backlog","80512797"
"Spiraea betulifolia",13.13149,55.64487,NA,"SWE",NA,"PRESENT",200,"SLU Artdatabanken",3768603240,NA,"HUMAN_OBSERVATION",2021,5,5,2021-05-05,"WGS84","Artportalen","98391722"
"Spiraea betulifolia",-110.91565,43.12293,"cdc","USA",NA,"PRESENT",50,"USU",4040385301,"https://intermountainbiota.org/portal/collections/individual/index.php?occid=30582159","PRESERVED_SPECIMEN",2021,6,30,2021-06-30,"WGS84",NA,"UTC00291829"
"Spiraea betulifolia",158.627006,53.074399,"cdc,cdround","RUS",NA,"PRESENT",10,"iNaturalist",3301803872,"https://www.inaturalist.org/observations/82485476","HUMAN_OBSERVATION",2021,6,9,2021-06-09 11:33:00,"WGS84","iNaturalist research-grade observations","82485476"
"Spiraea betulifolia",158.240477,52.976157,"cdc,cdround","RUS",NA,"PRESENT",10,"iNaturalist",3314472763,"https://www.inaturalist.org/observations/83610822","HUMAN_OBSERVATION",2021,6,19,2021-06-19 13:07:00,"WGS84","iNaturalist research-grade observations","83610822"
"Spiraea betulifolia",158.641119,53.037939,"cdc,cdround","RUS",NA,"PRESENT",205,"iNaturalist",3314145242,"https://www.inaturalist.org/observations/84029176","HUMAN_OBSERVATION",2021,6,22,2021-06-22 10:11:34,"WGS84","iNaturalist research-grade observations","84029176"
"Spiraea betulifolia",158.688217,53.081456,"cdc,cdround","RUS",NA,"PRESENT",16,"iNaturalist",3321206592,"https://www.inaturalist.org/observations/84140720","HUMAN_OBSERVATION",2021,6,23,2021-06-23 10:57:05,"WGS84","iNaturalist research-grade observations","84140720"
"Spiraea betulifolia",158.6877,53.0728,"cdc","RUS",NA,"PRESENT",427,"Moscow State University",3358324796,NA,"HUMAN_OBSERVATION",2021,6,23,2021-06-23,"WGS84","FLORUS: miscellaneous records","84156982"
"Spiraea betulifolia",158.623837,53.10731,"cdc,cdround","RUS",NA,"PRESENT",10,"iNaturalist",3321229380,"https://www.inaturalist.org/observations/85057538","HUMAN_OBSERVATION",2021,6,30,2021-06-30 12:14:00,"WGS84","iNaturalist research-grade observations","85057538"
"Spiraea betulifolia",158.239654,52.975171,"cdc,cdround","RUS",NA,"PRESENT",4,"iNaturalist",3321036317,"https://www.inaturalist.org/observations/85064268","HUMAN_OBSERVATION",2021,6,30,2021-06-30 19:20:45,"WGS84","iNaturalist research-grade observations","85064268"
"Spiraea betulifolia",158.64067,53.037953,"cdc,cdround","RUS",NA,"PRESENT",7,"iNaturalist",3325553546,"https://www.inaturalist.org/observations/85179936","HUMAN_OBSERVATION",2021,6,26,2021-06-26 01:52:00,"WGS84","iNaturalist research-grade observations","85179936"
"Spiraea betulifolia",17.3175,59.04864,NA,"SWE",NA,"PRESENT",10,"SLU Artdatabanken",3431590201,NA,"HUMAN_OBSERVATION",2021,6,11,2021-06-11,"WGS84","Artportalen","94203656"
"Spiraea betulifolia",17.64284,59.82657,NA,"SWE",NA,"PRESENT",177,"SLU Artdatabanken",3431234537,NA,"HUMAN_OBSERVATION",2021,6,23,2021-06-23,"WGS84","Artportalen","94446787"
"Spiraea betulifolia",17.35913,62.49536,NA,"SWE",NA,"PRESENT",100,"SLU Artdatabanken",3430994587,NA,"HUMAN_OBSERVATION",2021,6,26,2021-06-26,"WGS84","Artportalen","94493116"
"Spiraea betulifolia",10.757281,59.399958,"cdc,cdround,gass84","NOR",NA,"PRESENT",5,"nbf",3393004449,NA,"HUMAN_OBSERVATION",2021,6,4,2021-06-04,"WGS84","Miljodir_naturtypekartlegging_2021","27891032"
"Spiraea betulifolia",10.748738,59.388081,"cdc,cdround,gass84","NOR",NA,"PRESENT",5,"nbf",3392965482,NA,"HUMAN_OBSERVATION",2021,6,3,2021-06-03,"WGS84","Miljodir_naturtypekartlegging_2021","27891065"
"Spiraea betulifolia",158.630966,53.059406,"cdc,cdround","RUS",NA,"PRESENT",10,"iNaturalist",3325589162,"https://www.inaturalist.org/observations/85900515","HUMAN_OBSERVATION",2021,7,6,2021-07-06 17:55:00,"WGS84","iNaturalist research-grade observations","85900515"
"Spiraea betulifolia",158.192932,52.530827,"cdc,cdround","RUS",NA,"PRESENT",10,"iNaturalist",3327732774,"https://www.inaturalist.org/observations/86383846","HUMAN_OBSERVATION",2021,7,10,2021-07-10 13:40:00,"WGS84","iNaturalist research-grade observations","86383846"
"Spiraea betulifolia",158.198004,52.537822,"cdc,cdround","RUS",NA,"PRESENT",31,"iNaturalist",3327751807,"https://www.inaturalist.org/observations/86401909","HUMAN_OBSERVATION",2021,7,10,2021-07-10 11:58:00,"WGS84","iNaturalist research-grade observations","86401909"
"Spiraea betulifolia",158.199089,52.534458,"cdc,cdround","RUS",NA,"PRESENT",15,"iNaturalist",3327752912,"https://www.inaturalist.org/observations/86486954","HUMAN_OBSERVATION",2021,7,10,2021-07-10 12:27:00,"WGS84","iNaturalist research-grade observations","86486954"
"Spiraea betulifolia",158.194657,52.531911,"cdc,cdround","RUS",NA,"PRESENT",15,"iNaturalist",3327933003,"https://www.inaturalist.org/observations/86571297","HUMAN_OBSERVATION",2021,7,10,2021-07-10 14:18:00,"WGS84","iNaturalist research-grade observations","86571297"
"Spiraea betulifolia",158.975372,53.079334,"cdc,cdround","RUS",NA,"PRESENT",10,"iNaturalist",3328068538,"https://www.inaturalist.org/observations/87101784","HUMAN_OBSERVATION",2021,7,15,2021-07-15 14:50:00,"WGS84","iNaturalist research-grade observations","87101784"
"Spiraea betulifolia",158.185333,52.674133,"cdc,cdround","RUS",NA,"PRESENT",50,"iNaturalist",3330433830,"https://www.inaturalist.org/observations/87449784","HUMAN_OBSERVATION",2021,7,17,2021-07-17 10:50:52,"WGS84","iNaturalist research-grade observations","87449784"
"Spiraea betulifolia",158.195556,52.655772,"cdc,cdround","RUS",NA,"PRESENT",12,"iNaturalist",3343997029,"https://www.inaturalist.org/observations/92573923","HUMAN_OBSERVATION",2021,7,13,2021-07-13 12:30:00,"WGS84","iNaturalist research-grade observations","92573923"
"Spiraea betulifolia",158.637175,53.04229,"cdc,cdround","RUS",NA,"PRESENT",4,"iNaturalist",3384874705,"https://www.inaturalist.org/observations/94722539","HUMAN_OBSERVATION",2021,7,29,2021-07-29 13:37:00,"WGS84","iNaturalist research-grade observations","94722539"
"Spiraea betulifolia",168.070031,61.456193,"cdc,cdround","RUS",NA,"PRESENT",6,"iNaturalist",3384337293,"https://www.inaturalist.org/observations/95133153","HUMAN_OBSERVATION",2021,7,24,2021-07-24 13:16:10,"WGS84","iNaturalist research-grade observations","95133153"
"Spiraea betulifolia",168.08198,61.447802,"cdc,cdround","RUS",NA,"PRESENT",9,"iNaturalist",3384012226,"https://www.inaturalist.org/observations/95136003","HUMAN_OBSERVATION",2021,7,29,2021-07-29 16:26:47,"WGS84","iNaturalist research-grade observations","95136003"
"Spiraea betulifolia",166.842511,60.955377,"cdc,cdround","RUS",NA,"PRESENT",28,"iNaturalist",3384470357,"https://www.inaturalist.org/observations/95248227","HUMAN_OBSERVATION",2021,7,16,2021-07-16 12:20:40,"WGS84","iNaturalist research-grade observations","95248227"
"Spiraea betulifolia",167.361412,61.27271,"cdc,cdround","RUS",NA,"PRESENT",4,"iNaturalist",3456806665,"https://www.inaturalist.org/observations/95618301","HUMAN_OBSERVATION",2021,7,22,2021-07-22 09:57:10,"WGS84","iNaturalist research-grade observations","95618301"
"Spiraea betulifolia",168.068708,61.453364,"cdc,cdround","RUS",NA,"PRESENT",3,"iNaturalist",3456738001,"https://www.inaturalist.org/observations/95645598","HUMAN_OBSERVATION",2021,7,24,2021-07-24 11:59:02,"WGS84","iNaturalist research-grade observations","95645598"
"Spiraea betulifolia",168.074929,61.458334,"cdc,cdround","RUS",NA,"PRESENT",3,"iNaturalist",3456510669,"https://www.inaturalist.org/observations/95646001","HUMAN_OBSERVATION",2021,7,24,2021-07-24 14:43:11,"WGS84","iNaturalist research-grade observations","95646001"
"Spiraea betulifolia",168.066921,61.431653,"cdc,cdround","RUS",NA,"PRESENT",6,"iNaturalist",3455486936,"https://www.inaturalist.org/observations/95646899","HUMAN_OBSERVATION",2021,7,25,2021-07-25 18:19:40,"WGS84","iNaturalist research-grade observations","95646899"
"Spiraea betulifolia",158.185073,52.673246,"cdc,cdround","RUS",NA,"PRESENT",15,"iNaturalist",3398797444,"https://www.inaturalist.org/observations/98713479","HUMAN_OBSERVATION",2021,7,30,2021-07-30 08:34:00,"WGS84","iNaturalist research-grade observations","98713479"
"Spiraea betulifolia",13.47577,56.32413,NA,"SWE",NA,"PRESENT",25,"SLU Artdatabanken",3430899255,NA,"HUMAN_OBSERVATION",2021,7,18,2021-07-18,"WGS84","Artportalen","94962223"
"Spiraea betulifolia",158.476883,53.116219,"cdc,cdround","RUS",NA,"PRESENT",10,"iNaturalist",3338140461,"https://www.inaturalist.org/observations/90338163","HUMAN_OBSERVATION",2021,8,7,2021-08-07 12:05:00,"WGS84","iNaturalist research-grade observations","90338163"
"Spiraea betulifolia",158.622156,53.109114,"cdc,cdround","RUS",NA,"PRESENT",10,"iNaturalist",3338155800,"https://www.inaturalist.org/observations/91089441","HUMAN_OBSERVATION",2021,8,14,2021-08-14 12:55:00,"WGS84","iNaturalist research-grade observations","91089441"
"Spiraea betulifolia",158.620864,53.108794,"cdc,cdround","RUS",NA,"PRESENT",10,"iNaturalist",3337935472,"https://www.inaturalist.org/observations/91089544","HUMAN_OBSERVATION",2021,8,14,2021-08-14 12:43:00,"WGS84","iNaturalist research-grade observations","91089544"
"Spiraea betulifolia",158.620901,53.108737,"cdc,cdround","RUS",NA,"PRESENT",10,"iNaturalist",3337436103,"https://www.inaturalist.org/observations/91090030","HUMAN_OBSERVATION",2021,8,14,2021-08-14 12:42:00,"WGS84","iNaturalist research-grade observations","91090030"
"Spiraea betulifolia",158.624192,53.109219,"cdc,cdround","RUS",NA,"PRESENT",5,"iNaturalist",3337830809,"https://www.inaturalist.org/observations/91098126","HUMAN_OBSERVATION",2021,8,14,2021-08-14 13:07:00,"WGS84","iNaturalist research-grade observations","91098126"
"Spiraea betulifolia",158.476714,53.116214,"cdc,cdround","RUS",NA,"PRESENT",10,"iNaturalist",3337587250,"https://www.inaturalist.org/observations/91101390","HUMAN_OBSERVATION",2021,8,14,2021-08-14 15:42:00,"WGS84","iNaturalist research-grade observations","91101390"
"Spiraea betulifolia",158.703532,53.24322,"cdc,cdround","RUS",NA,"PRESENT",10,"iNaturalist",3338129349,"https://www.inaturalist.org/observations/91234262","HUMAN_OBSERVATION",2021,8,15,2021-08-15 12:49:00,"WGS84","iNaturalist research-grade observations","91234262"
"Spiraea betulifolia",158.703656,53.243298,"cdc,cdround","RUS",NA,"PRESENT",10,"iNaturalist",3337791792,"https://www.inaturalist.org/observations/91234659","HUMAN_OBSERVATION",2021,8,15,2021-08-15 12:45:00,"WGS84","iNaturalist research-grade observations","91234659"
"Spiraea betulifolia",158.701478,53.242353,"cdc,cdround","RUS",NA,"PRESENT",10,"iNaturalist",3337752057,"https://www.inaturalist.org/observations/91244961","HUMAN_OBSERVATION",2021,8,15,2021-08-15 12:16:00,"WGS84","iNaturalist research-grade observations","91244961"
"Spiraea betulifolia",158.699948,53.241365,"cdc","RUS",NA,"PRESENT",10,"iNaturalist",3337943134,"https://www.inaturalist.org/observations/91245059","HUMAN_OBSERVATION",2021,8,15,2021-08-15 11:30:00,"WGS84","iNaturalist research-grade observations","91245059"
"Spiraea betulifolia",158.699993,53.241389,"cdc,cdround","RUS",NA,"PRESENT",10,"iNaturalist",3337625797,"https://www.inaturalist.org/observations/91246296","HUMAN_OBSERVATION",2021,8,15,2021-08-15 11:30:00,"WGS84","iNaturalist research-grade observations","91246296"
"Spiraea betulifolia",158.153653,52.807237,"cdc,cdround","RUS",NA,"PRESENT",4,"iNaturalist",3415372784,"https://www.inaturalist.org/observations/92010864","HUMAN_OBSERVATION",2021,8,8,2021-08-08 13:35:29,"WGS84","iNaturalist research-grade observations","92010864"
"Spiraea betulifolia",158.153644,52.807294,"cdc,cdround","RUS",NA,"PRESENT",3,"iNaturalist",3415393844,"https://www.inaturalist.org/observations/92010885","HUMAN_OBSERVATION",2021,8,8,2021-08-08 13:35:41,"WGS84","iNaturalist research-grade observations","92010885"
"Spiraea betulifolia",132.784082,43.11462,"cdc,cdround","RUS",NA,"PRESENT",44,"iNaturalist",3399098867,"https://www.inaturalist.org/observations/95516174","HUMAN_OBSERVATION",2021,8,31,2021-08-31 17:34:00,"WGS84","iNaturalist research-grade observations","95516174"
"Spiraea betulifolia",167.15127,61.081954,"cdc,cdround","RUS",NA,"PRESENT",4,"iNaturalist",3455731787,"https://www.inaturalist.org/observations/95655681","HUMAN_OBSERVATION",2021,8,1,2021-08-01 14:37:53,"WGS84","iNaturalist research-grade observations","95655681"
"Spiraea betulifolia",167.242209,61.501027,"cdc,cdround","RUS",NA,"PRESENT",9,"iNaturalist",3455825724,"https://www.inaturalist.org/observations/95658111","HUMAN_OBSERVATION",2021,8,7,2021-08-07 13:56:51,"WGS84","iNaturalist research-grade observations","95658111"
"Spiraea betulifolia",167.24897,61.491593,"cdc,cdround","RUS",NA,"PRESENT",8,"iNaturalist",3456099760,"https://www.inaturalist.org/observations/95766401","HUMAN_OBSERVATION",2021,8,12,2021-08-12 12:13:51,"WGS84","iNaturalist research-grade observations","95766401"
"Spiraea betulifolia",167.125599,60.949374,"cdc,cdround","RUS",NA,"PRESENT",7,"iNaturalist",3456086500,"https://www.inaturalist.org/observations/95849924","HUMAN_OBSERVATION",2021,8,21,2021-08-21 13:05:03,"WGS84","iNaturalist research-grade observations","95849924"
"Spiraea betulifolia",167.955275,61.051289,"cdc,cdround","RUS",NA,"PRESENT",9,"iNaturalist",3408173534,"https://www.inaturalist.org/observations/95854220","HUMAN_OBSERVATION",2021,8,26,2021-08-26 10:36:29,"WGS84","iNaturalist research-grade observations","95854220"
"Spiraea betulifolia",167.772195,60.971333,"cdc,cdround","RUS",NA,"PRESENT",9,"iNaturalist",3408103572,"https://www.inaturalist.org/observations/95861576","HUMAN_OBSERVATION",2021,8,28,2021-08-28 15:23:39,"WGS84","iNaturalist research-grade observations","95861576"
"Spiraea betulifolia",17.64688,59.82892,NA,"SWE",NA,"PRESENT",50,"SLU Artdatabanken",3433509739,NA,"HUMAN_OBSERVATION",2021,8,5,2021-08-05 10:50:00,"WGS84","Artportalen","95366947"
"Spiraea betulifolia",158.627006,53.074367,"cdc,cdround","RUS",NA,"PRESENT",10,"iNaturalist",3384937574,"https://www.inaturalist.org/observations/94534327","HUMAN_OBSERVATION",2021,9,12,2021-09-12 11:32:00,"WGS84","iNaturalist research-grade observations","94534327"
"Spiraea betulifolia",148.62088,59.783218,"cdc,cdround","RUS",NA,"PRESENT",5,"iNaturalist",3385227498,"https://www.inaturalist.org/observations/96320891","HUMAN_OBSERVATION",2021,9,25,2021-09-25 11:26:58,"WGS84","iNaturalist research-grade observations","96320891"
"Spiraea betulifolia",132.795988,43.237957,"cdc,cdround","RUS",NA,"PRESENT",5,"iNaturalist",3398964863,"https://www.inaturalist.org/observations/97165148","HUMAN_OBSERVATION",2021,9,17,2021-09-17 15:33:00,"WGS84","iNaturalist research-grade observations","97165148"
"Spiraea betulifolia",13.2146,55.72131,NA,"SWE",2,"PRESENT",50,"SLU Artdatabanken",3433800961,NA,"HUMAN_OBSERVATION",2021,9,22,2021-09-22,"WGS84","Artportalen","96251346"
"Spiraea betulifolia",5.342856,60.336798,"cdc,cdround,gass84","NOR",1,"PRESENT",5,"nbf",3408475451,NA,"HUMAN_OBSERVATION",2021,9,28,2021-09-28,"WGS84",NA,"28056354"
"Spiraea betulifolia",13.11597,55.84581,NA,"SWE",NA,"PRESENT",139,"SLU Artdatabanken",3429809321,NA,"HUMAN_OBSERVATION",2021,10,6,2021-10-06,"WGS84","Artportalen","96485480"
"Spiraea betulifolia",11.84617,57.95917,NA,"SWE",1,"PRESENT",185,"SLU Artdatabanken",3431845653,NA,"HUMAN_OBSERVATION",2021,10,16,2021-10-16 17:44:00,"WGS84","Artportalen","96707840"
"Spiraea betulifolia",158.624817,53.107883,"cdc,cdround","RUS",NA,"PRESENT",10,"iNaturalist",2634396952,"https://www.inaturalist.org/observations/47564209","HUMAN_OBSERVATION",2020,5,27,2020-05-27 13:23:00,"WGS84","iNaturalist research-grade observations","47564209"
"Spiraea betulifolia",13.21383,55.71983,NA,"SWE",NA,"PRESENT",25,"SLU Artdatabanken",2809007873,NA,"HUMAN_OBSERVATION",2020,5,31,2020-05-31,"WGS84","Artportalen","86112516"
"Spiraea betulifolia",158.637843,53.041881,"cdc,cdround","RUS",NA,"PRESENT",12,"iNaturalist",2641446771,"https://www.inaturalist.org/observations/49281665","HUMAN_OBSERVATION",2020,6,12,2020-06-12 12:08:47,"WGS84","iNaturalist research-grade observations","49281665"
"Spiraea betulifolia",158.132191,52.826718,"cdc,cdround","RUS",NA,"PRESENT",122,"iNaturalist",2803095905,"https://www.inaturalist.org/observations/50650771","HUMAN_OBSERVATION",2020,6,23,2020-06-23 15:02:00,"WGS84","iNaturalist research-grade observations","50650771"
"Spiraea betulifolia",166.41517,68.048263,"cdc,cdround","RUS",NA,"PRESENT",7,"iNaturalist",2873968399,"https://www.inaturalist.org/observations/50860574","HUMAN_OBSERVATION",2020,6,19,2020-06-19 18:21:18,"WGS84","iNaturalist research-grade observations","50860574"
"Spiraea betulifolia",166.411028,68.048673,"cdc,cdround","RUS",NA,"PRESENT",14,"iNaturalist",2873742416,"https://www.inaturalist.org/observations/50860584","HUMAN_OBSERVATION",2020,6,19,2020-06-19 18:28:14,"WGS84","iNaturalist research-grade observations","50860584"
"Spiraea betulifolia",140.046085,49.352308,"cdc,cdround","RUS",NA,"PRESENT",74,"iNaturalist",2814004302,"https://www.inaturalist.org/observations/51338385","HUMAN_OBSERVATION",2020,6,25,2020-06-25 18:54:52,"WGS84","iNaturalist research-grade observations","51338385"
"Spiraea betulifolia",164.46092,66.650185,"cdc","RUS",NA,"PRESENT",3,"iNaturalist",2860119420,"https://www.inaturalist.org/observations/51826261","HUMAN_OBSERVATION",2020,6,28,2020-06-28 06:49:42,"WGS84","iNaturalist research-grade observations","51826261"
"Spiraea betulifolia",13.21434,55.72133,NA,"SWE",NA,"PRESENT",25,"SLU Artdatabanken",2808257983,NA,"HUMAN_OBSERVATION",2020,6,9,2020-06-09,"WGS84","Artportalen","86184103"
"Spiraea betulifolia",17.91876,59.44908,NA,"SWE",NA,"PRESENT",100,"SLU Artdatabanken",3429155076,NA,"HUMAN_OBSERVATION",2020,6,12,2020-06-12,"WGS84","Artportalen","86259700"
"Spiraea betulifolia",13.21403,55.72143,NA,"SWE",NA,"PRESENT",25,"SLU Artdatabanken",2815842516,NA,"HUMAN_OBSERVATION",2020,6,16,2020-06-16,"WGS84","Artportalen","86873828"
"Spiraea betulifolia",13.18312,55.69673,NA,"SWE",NA,"PRESENT",25,"SLU Artdatabanken",2815730513,NA,"HUMAN_OBSERVATION",2020,6,16,2020-06-16,"WGS84","Artportalen","86873842"
"Spiraea betulifolia",164.422567,66.581495,"cdc,cdround","RUS",NA,"PRESENT",1,"iNaturalist",2860079453,"https://www.inaturalist.org/observations/52233219","HUMAN_OBSERVATION",2020,7,5,2020-07-05 22:27:02,"WGS84","iNaturalist research-grade observations","52233219"
"Spiraea betulifolia",158.624572,53.107583,"cdc,cdround","RUS",NA,"PRESENT",10,"iNaturalist",2818748244,"https://www.inaturalist.org/observations/53010607","HUMAN_OBSERVATION",2020,7,13,2020-07-13 10:05:00,"WGS84","iNaturalist research-grade observations","53010607"
"Spiraea betulifolia",158.184679,52.674086,"cdc,cdround","RUS",NA,"PRESENT",10,"iNaturalist",2826175743,"https://www.inaturalist.org/observations/54114543","HUMAN_OBSERVATION",2020,7,22,2020-07-22 10:41:00,"WGS84","iNaturalist research-grade observations","54114543"
"Spiraea betulifolia",158.52582,53.235422,"cdc,cdround","RUS",NA,"PRESENT",10,"iNaturalist",3005254837,"https://www.inaturalist.org/observations/66550318","HUMAN_OBSERVATION",2020,7,7,2020-07-07 11:35:00,"WGS84","iNaturalist research-grade observations","66550318"
"Spiraea betulifolia",158.636509,53.03971,"cdc,cdround","RUS",NA,"PRESENT",534,"iNaturalist",3079709530,"https://www.inaturalist.org/observations/72847844","HUMAN_OBSERVATION",2020,7,19,2020-07-19 12:57:00,"WGS84","iNaturalist research-grade observations","72847844"
"Spiraea betulifolia",13.4755,56.32409,NA,"SWE",NA,"PRESENT",10,"SLU Artdatabanken",2808891905,NA,"HUMAN_OBSERVATION",2020,7,3,2020-07-03,"WGS84","Artportalen","86675249"
"Spiraea betulifolia",13.21435,55.72133,NA,"SWE",NA,"PRESENT",25,"SLU Artdatabanken",2815814441,NA,"HUMAN_OBSERVATION",2020,7,12,2020-07-12,"WGS84","Artportalen","86828941"
"Spiraea betulifolia",13.06152,56.53627,NA,"SWE",NA,"PRESENT",50,"SLU Artdatabanken",2847986517,NA,"HUMAN_OBSERVATION",2020,7,21,2020-07-21,"WGS84","Artportalen","87016160"
"Spiraea betulifolia",17.02939,59.33134,NA,"SWE",NA,"PRESENT",90,"SLU Artdatabanken",2847797671,NA,"HUMAN_OBSERVATION",2020,7,26,2020-07-26,"WGS84","Artportalen","87099845"
"Spiraea betulifolia",9.156779,60.042167,"cdc,cdround,gass84","NOR",NA,"PRESENT",25,"nbf",2867024344,NA,"HUMAN_OBSERVATION",2020,7,24,2020-07-24,"WGS84",NA,"25267932"
"Spiraea betulifolia",23.316465,69.948776,"cdc,cdround,gass84","NOR",NA,"PRESENT",37,"nbf",3070064438,NA,"HUMAN_OBSERVATION",2020,7,20,2020-07-20,"WGS84",NA,"26333300"
"Spiraea betulifolia",158.1854,52.674,"cdc","RUS",NA,"PRESENT",4,"Moscow State University",3358326339,NA,"HUMAN_OBSERVATION",2020,8,7,2020-08-07,"WGS84","FLORUS: miscellaneous records","55840823"
"Spiraea betulifolia",158.135192,52.501908,"cdc,cdround","RUS",NA,"PRESENT",8,"iNaturalist",2851219918,"https://www.inaturalist.org/observations/55881869","HUMAN_OBSERVATION",2020,8,4,2020-08-04 06:34:02,"WGS84","iNaturalist research-grade observations","55881869"
"Spiraea betulifolia",166.045503,61.00561,"cdc,cdround","RUS",NA,"PRESENT",4,"iNaturalist",2862582167,"https://www.inaturalist.org/observations/58940633","HUMAN_OBSERVATION",2020,8,12,2020-08-12 16:30:00,"WGS84","iNaturalist research-grade observations","58940633"
"Spiraea betulifolia",166.031261,60.459272,"cdc,cdround","RUS",NA,"PRESENT",3,"iNaturalist",2864783679,"https://www.inaturalist.org/observations/59192850","HUMAN_OBSERVATION",2020,8,27,2020-08-27 17:23:04,"WGS84","iNaturalist research-grade observations","59192850"
"Spiraea betulifolia",150.812438,59.592262,"cdc,cdround","RUS",NA,"PRESENT",5,"iNaturalist",2864799514,"https://www.inaturalist.org/observations/58813201","HUMAN_OBSERVATION",2020,9,7,2020-09-07 15:13:01,"WGS84","iNaturalist research-grade observations","58813201"
"Spiraea betulifolia",157.875652,53.089348,"cdc","RUS",NA,"PRESENT",10,"iNaturalist",2873851773,"https://www.inaturalist.org/observations/61260288","HUMAN_OBSERVATION",2020,9,27,2020-09-27 10:45:00,"WGS84","iNaturalist research-grade observations","61260288"
"Spiraea betulifolia",164.480472,66.549462,"cdc,cdround","RUS",NA,"PRESENT",4,"iNaturalist",3008555531,"https://www.inaturalist.org/observations/65478227","HUMAN_OBSERVATION",2020,9,13,2020-09-13 05:28:00,"WGS84","iNaturalist research-grade observations","65478227"
"Spiraea betulifolia",11.84618,57.95906,NA,"SWE",NA,"PRESENT",5,"SLU Artdatabanken",3013155571,NA,"HUMAN_OBSERVATION",2020,9,19,2020-09-19 11:45:00,"WGS84","Artportalen","89815966"
"Spiraea betulifolia",12.96181,56.69719,NA,"SWE",NA,"PRESENT",175,"SLU Artdatabanken",2875838478,NA,"HUMAN_OBSERVATION",2020,10,11,2020-10-11,"WGS84","Artportalen","88484722"
"Spiraea betulifolia",142.771458,46.942259,"cdc,cdround","RUS",NA,"PRESENT",31,"iNaturalist",2596070815,"https://www.inaturalist.org/observations/27418599","HUMAN_OBSERVATION",2019,6,21,2019-06-21 14:48:00,"WGS84","iNaturalist research-grade observations","27418599"
"Spiraea betulifolia",142.814006,46.970451,"cdc,cdround","RUS",NA,"PRESENT",8,"iNaturalist",2331936899,"https://www.inaturalist.org/observations/30328994","HUMAN_OBSERVATION",2019,7,18,2019-07-18 05:08:00,"WGS84","iNaturalist research-grade observations","30328994"
"Spiraea betulifolia",158.857986,56.237072,"cdc,cdround","RUS",NA,"PRESENT",10,"iNaturalist",2447999866,"https://www.inaturalist.org/observations/35116363","HUMAN_OBSERVATION",2019,7,15,2019-07-15 16:43:00,"WGS84","iNaturalist research-grade observations","35116363"
"Spiraea betulifolia",170.546437,68.787964,"cdc,cdround","RUS",NA,"PRESENT",488,"iNaturalist",2529362119,"https://www.inaturalist.org/observations/36706590","HUMAN_OBSERVATION",2019,7,10,2019-07-10 04:09:00,"WGS84","iNaturalist research-grade observations","36706590"
"Spiraea betulifolia",156.169327,52.806824,"cdc,cdround","RUS",NA,"PRESENT",10,"iNaturalist",2573821540,"https://www.inaturalist.org/observations/37833911","HUMAN_OBSERVATION",2019,7,26,2019-07-26 10:10:00,"WGS84","iNaturalist research-grade observations","37833911"
"Spiraea betulifolia",158.1927,52.532,"cdc","RUS",NA,"PRESENT",50,"Moscow State University",3358315708,NA,"HUMAN_OBSERVATION",2019,7,22,2019-07-22,"WGS84","FLORUS: miscellaneous records","62932833"
"Spiraea betulifolia",160.240973,55.641367,"cdc,cdround","RUS",NA,"PRESENT",61,"iNaturalist",3307225877,"https://www.inaturalist.org/observations/83113209","HUMAN_OBSERVATION",2019,8,7,2019-08-07 11:30:00,"WGS84","iNaturalist research-grade observations","83113209"
"Spiraea betulifolia",158.452316,53.275414,"cdc,cdround","RUS",NA,"PRESENT",10,"iNaturalist",2550022891,"https://www.inaturalist.org/observations/37316843","HUMAN_OBSERVATION",2019,9,17,2019-09-17 15:46:00,"WGS84","iNaturalist research-grade observations","37316843"
"Spiraea betulifolia",12.05525,57.6445,NA,"SWE",NA,"PRESENT",626,"SLU Artdatabanken",2424641121,NA,"HUMAN_OBSERVATION",2019,9,29,2019-09-29,"WGS84","Artportalen","80173813"
"Spiraea betulifolia",12.05443,57.64435,NA,"SWE",NA,"PRESENT",300,"SLU Artdatabanken",2424483129,NA,"HUMAN_OBSERVATION",2019,9,29,2019-09-29 14:30:00,"WGS84","Artportalen","80174905"
"Spiraea betulifolia",12.05377,57.64432,NA,"SWE",NA,"PRESENT",200,"SLU Artdatabanken",2564774001,NA,"HUMAN_OBSERVATION",2019,9,29,2019-09-29,"WGS84","Artportalen","80176359"
"Spiraea betulifolia",12.05267,57.64725,NA,"SWE",NA,"PRESENT",100,"SLU Artdatabanken",2424253156,NA,"HUMAN_OBSERVATION",2019,9,29,2019-09-29,"WGS84","Artportalen","80192859"
"Spiraea betulifolia",12.055,57.64436,NA,"SWE",NA,"PRESENT",589,"SLU Artdatabanken",2447509918,NA,"HUMAN_OBSERVATION",2019,9,29,2019-09-29,"WGS84","Artportalen","80670744"
"Spiraea betulifolia",12.05376,57.64432,NA,"SWE",NA,"PRESENT",200,"SLU Artdatabanken",2808586483,NA,"HUMAN_OBSERVATION",2019,9,29,2019-09-29,"WGS84","Artportalen","85923644"
"Spiraea betulifolia",-122.86988,45.44398,"cdc,incomis,inmafu","USA",NA,"PRESENT",2,"HPSU",4070153915,NA,"PRESERVED_SPECIMEN",2018,6,9,2018-06-09,"WGS84",NA,"19743"
"Spiraea betulifolia",158.882646,55.051065,"cdc,cdround","RUS",NA,"PRESENT",31,"iNaturalist",2244261559,"https://www.inaturalist.org/observations/25379643","HUMAN_OBSERVATION",2018,6,1,2018-06-01 13:14:00,"WGS84","iNaturalist research-grade observations","25379643"
"Spiraea betulifolia",163.193765,59.486123,"cdc,cdround","RUS",NA,"PRESENT",31,"iNaturalist",3759905766,"https://www.inaturalist.org/observations/110315395","HUMAN_OBSERVATION",2018,7,19,2018-07-19 05:10:00,"WGS84","iNaturalist research-grade observations","110315395"
"Spiraea betulifolia",172.027932,61.090697,"cdc,cdround","RUS",NA,"PRESENT",244,"iNaturalist",3760375305,"https://www.inaturalist.org/observations/110807228","HUMAN_OBSERVATION",2018,7,20,2018-07-20 01:12:00,"WGS84","iNaturalist research-grade observations","110807228"
"Spiraea betulifolia",158.708828,53.25172,"cdc,cdround","RUS",NA,"PRESENT",242,"iNaturalist",3784975689,"https://www.inaturalist.org/observations/116908353","HUMAN_OBSERVATION",2018,8,10,2018-08-10 17:09:00,"WGS84","iNaturalist research-grade observations","116908353"
"Spiraea betulifolia",142.852321,43.5068,"cdc,cdround","JPN",NA,"PRESENT",122,"iNaturalist",2251821334,"https://www.inaturalist.org/observations/15751343","HUMAN_OBSERVATION",2018,8,18,2018-08-18 07:19:00,"WGS84","iNaturalist research-grade observations","15751343"
"Spiraea betulifolia",158.115052,52.485761,"cdc,cdround","RUS",NA,"PRESENT",244,"iNaturalist",2634236107,"https://www.inaturalist.org/observations/47005173","HUMAN_OBSERVATION",2018,8,9,2018-08-09 09:13:00,"WGS84","iNaturalist research-grade observations","47005173"
"Spiraea betulifolia",158.113887,52.490684,"cdc,cdround","RUS",NA,"PRESENT",61,"iNaturalist",2634351170,"https://www.inaturalist.org/observations/47028026","HUMAN_OBSERVATION",2018,8,10,2018-08-10 13:53:00,"WGS84","iNaturalist research-grade observations","47028026"
"Spiraea betulifolia",17.64709,59.82892,NA,"SWE",NA,"PRESENT",50,"SLU Artdatabanken",1912871603,NA,"HUMAN_OBSERVATION",2018,9,6,2018-09-06,"WGS84","Artportalen","73014218"
"Spiraea betulifolia",17.64633,59.8289,NA,"SWE",NA,"PRESENT",25,"SLU Artdatabanken",2246016838,NA,"HUMAN_OBSERVATION",2018,11,20,2018-11-20 13:05:00,"WGS84","Artportalen","74396825"
"Spiraea betulifolia",17.64692,59.82899,NA,"SWE",NA,"PRESENT",100,"SLU Artdatabanken",2246246959,NA,"HUMAN_OBSERVATION",2018,11,24,2018-11-24,"WGS84","Artportalen","74635263"
"Spiraea betulifolia",-116.30541,44.66937,"cdc,elmms,incomis,inmafu","USA",NA,"PRESENT",4,"SRP",4068962178,NA,"PRESERVED_SPECIMEN",2017,6,24,2017-06-24,"WGS84",NA,"62515"
"Spiraea betulifolia",142.085297,47.806708,"cdc,cdround","RUS",NA,"PRESENT",30,"iNaturalist",2550024540,"https://www.inaturalist.org/observations/37223580","HUMAN_OBSERVATION",2017,7,28,2017-07-28 06:06:00,"WGS84","iNaturalist research-grade observations","37223580"
"Spiraea betulifolia",140.302513,40.653816,"cdc,cdround","JPN",NA,"PRESENT",61,"iNaturalist",1843245006,"https://www.inaturalist.org/observations/7071416","HUMAN_OBSERVATION",2017,7,10,2017-07-10 08:22:00,"WGS84","iNaturalist research-grade observations","7071416"
"Spiraea betulifolia",140.7777986,38.9737721,"cdc,cdrep,cdround,colmano,inmafu","JPN",NA,"PRESENT",500,"IPMM",2575977258,NA,"PRESERVED_SPECIMEN",2017,8,21,2017-08-21,"WGS84",NA,"242445"
"Spiraea betulifolia",140.7777996,38.9529416,"cdc,cdrep,colmano,inmafu","JPN",NA,"PRESENT",1000,"IPMM",2575977599,NA,"PRESERVED_SPECIMEN",2017,8,21,2017-08-21,"WGS84",NA,"242492"
"Spiraea betulifolia",157.638037,55.507278,"cdc,cdround","RUS",NA,"PRESENT",15,"iNaturalist",3058980134,"https://www.inaturalist.org/observations/70401328","HUMAN_OBSERVATION",2017,8,5,2017-08-05 17:48:00,"WGS84","iNaturalist research-grade observations","70401328"
"Spiraea betulifolia",12.93358,56.8112,NA,"SWE",NA,"PRESENT",180,"SLU Artdatabanken",1670119146,NA,"HUMAN_OBSERVATION",2017,8,4,2017-08-04,"WGS84","Artportalen","67145133"
"Spiraea betulifolia",11.87645,57.70812,NA,"SWE",NA,"PRESENT",50,"SLU Artdatabanken",1670931770,NA,"HUMAN_OBSERVATION",2017,9,16,2017-09-16,"WGS84","Artportalen","67599880"
"Spiraea betulifolia",17.6471,59.82902,NA,"SWE",NA,"PRESENT",10,"SLU Artdatabanken",1671067060,NA,"HUMAN_OBSERVATION",2017,9,30,2017-09-30,"WGS84","Artportalen","67772792"
"Spiraea betulifolia",14.98226,59.27511,NA,"SWE",NA,"PRESENT",25,"SLU Artdatabanken",1431440812,NA,"HUMAN_OBSERVATION",2016,5,30,2016-05-30,"WGS84","Artportalen","59908353"
"Spiraea betulifolia",21.89148,65.67461,NA,"SWE",NA,"PRESENT",250,"SLU Artdatabanken",1431490142,NA,"HUMAN_OBSERVATION",2016,6,4,2016-06-04,"WGS84","Artportalen","59962456"
"Spiraea betulifolia",10.432612,59.82348,"cdc,cdround,gass84","NOR",1,"PRESENT",500,"nbf",2409949272,NA,"HUMAN_OBSERVATION",2016,6,16,2016-06-16,"WGS84",NA,"14851404"
"Spiraea betulifolia",-116.24396,45.20137,"cdc,incomis,inmafu","USA",NA,"PRESENT",3,"ID",4073875152,NA,"PRESERVED_SPECIMEN",2016,7,8,2016-07-08,"WGS84",NA,"190206"
"Spiraea betulifolia",158.193235,52.655012,"cdc","RUS",NA,"PRESENT",10,"iNaturalist",2242760623,"https://www.inaturalist.org/observations/23114321","HUMAN_OBSERVATION",2016,7,10,2016-07-10 13:06:00,"WGS84","iNaturalist research-grade observations","23114321"
"Spiraea betulifolia",-114.83584,44.27515,"cdc,incomis,inmafu","USA",NA,"PRESENT",5,"SRP",4068935983,NA,"PRESERVED_SPECIMEN",2016,7,20,2016-07-20,"WGS84",NA,"60067"
"Spiraea betulifolia",157.635157,55.482195,"cdc,cdround","RUS",NA,"PRESENT",28,"iNaturalist",3044695501,"https://www.inaturalist.org/observations/69779891","HUMAN_OBSERVATION",2016,7,7,2016-07-07 10:58:00,"WGS84","iNaturalist research-grade observations","69779891"
"Spiraea betulifolia",158.338793,52.886425,"cdc,cdround","RUS",NA,"PRESENT",31,"iNaturalist",3307382304,"https://www.inaturalist.org/observations/83374058","HUMAN_OBSERVATION",2016,7,7,2016-07-07 20:23:00,"WGS84","iNaturalist research-grade observations","83374058"
"Spiraea betulifolia",12.96582,56.52958,"inmano","SWE",NA,"PRESENT",400,"SLU Artdatabanken",1432078072,NA,"PRESERVED_SPECIMEN",2016,7,17,2016-07-17,"WGS84","Artportalen","60620067"
"Spiraea betulifolia",142.051876,47.754553,"cdc,cdround","RUS",NA,"PRESENT",31,"iNaturalist",2580262547,"https://www.inaturalist.org/observations/40018377","HUMAN_OBSERVATION",2016,8,22,2016-08-22 06:47:00,"WGS84","iNaturalist research-grade observations","40018377"
"Spiraea betulifolia",142.05312,47.755527,"cdc,cdround","RUS",NA,"PRESENT",31,"iNaturalist",2580223713,"https://www.inaturalist.org/observations/40066257","HUMAN_OBSERVATION",2016,8,22,2016-08-22 10:18:00,"WGS84","iNaturalist research-grade observations","40066257"
"Spiraea betulifolia",142.052765,47.755563,"cdc,cdround","RUS",NA,"PRESENT",31,"iNaturalist",2596105098,"https://www.inaturalist.org/observations/40066317","HUMAN_OBSERVATION",2016,8,22,2016-08-22 10:28:00,"WGS84","iNaturalist research-grade observations","40066317"
"Spiraea betulifolia",142.052798,47.755448,"cdc,cdround","RUS",NA,"PRESENT",31,"iNaturalist",2580112513,"https://www.inaturalist.org/observations/40066364","HUMAN_OBSERVATION",2016,8,22,2016-08-22 10:35:00,"WGS84","iNaturalist research-grade observations","40066364"
"Spiraea betulifolia",142.072057,47.754191,"cdc,cdround","RUS",NA,"PRESENT",61,"iNaturalist",2580103788,"https://www.inaturalist.org/observations/40166444","HUMAN_OBSERVATION",2016,8,25,2016-08-25 08:02:00,"WGS84","iNaturalist research-grade observations","40166444"
"Spiraea betulifolia",-115.93208,44.37231,"cdc,incomis,inmafu","USA",NA,"PRESENT",5,"IDS",4073733536,NA,"PRESERVED_SPECIMEN",2016,8,11,2016-08-11,"WGS84",NA,"2017.006"
"Spiraea betulifolia",13.02449,55.5507,NA,"SWE",1,"PRESENT",5,"SLU Artdatabanken",1432878010,NA,"HUMAN_OBSERVATION",2016,9,25,2016-09-25 14:13:00,"WGS84","Artportalen","61579954"
"Spiraea betulifolia",13.02471,55.55076,NA,"SWE",NA,"PRESENT",50,"SLU Artdatabanken",1433451040,NA,"HUMAN_OBSERVATION",2016,10,18,2016-10-18,"WGS84","Artportalen","62298732"
"Spiraea betulifolia",157.077521,51.445668,"cdc,cdround","RUS",NA,"PRESENT",8,"iNaturalist",3457134930,"https://www.inaturalist.org/observations/103809868","HUMAN_OBSERVATION",2015,6,18,2015-06-18 14:45:00,"WGS84","iNaturalist research-grade observations","103809868"
"Spiraea betulifolia",140.6902821,39.4653788,"cdc,cdrep,colmano,inmafu","JPN",NA,"PRESENT",500,"IPMM",2575975816,NA,"PRESERVED_SPECIMEN",2015,7,19,2015-07-19,"WGS84",NA,"210362"
"Spiraea betulifolia",-116.16882,45.01068,"cdc,incomis,inmafu","USA",NA,"PRESENT",5,"ID",4073879762,NA,"PRESERVED_SPECIMEN",2015,7,9,2015-07-09,"WGS84",NA,"170967"
"Spiraea betulifolia",-78.347386,39.731025,"cdc,inmafu","USA",NA,"PRESENT",1,"MVSC",3331189335,NA,"PRESERVED_SPECIMEN",2015,7,27,2015-07-27,"WGS84",NA,"420112"
"Spiraea betulifolia",-113.49369,48.99792,"osiic,colmano,inmafu","CAN",1,"PRESENT",6,"University of Alberta Museums",1274894738,"https://search.museums.ualberta.ca/12-151206","PRESERVED_SPECIMEN",2015,8,7,2015-08-07,"WGS84","University of Alberta Vascular Plant Herbarium (ALTA-VP)","137978"
"Spiraea betulifolia",17.5145,59.8316,NA,"SWE",NA,"PRESENT",100,"SLU Artdatabanken",1135265337,NA,"HUMAN_OBSERVATION",2015,8,11,2015-08-11,"WGS84","Artportalen","54804276"
"Spiraea betulifolia",17.79082,59.85358,NA,"SWE",1,"PRESENT",100,"SLU Artdatabanken",1135364372,NA,"HUMAN_OBSERVATION",2015,8,14,2015-08-14,"WGS84","Artportalen","54843593"
"Spiraea betulifolia",141.0152346,39.8403444,"cdc,cdrep,colmano,inmafu","JPN",NA,"PRESENT",500,"IPMM",2575976972,NA,"PRESERVED_SPECIMEN",2015,9,5,2015-09-05,"WGS84",NA,"242114"
"Spiraea betulifolia",12.25111,57.11876,"inmano","SWE",NA,"PRESENT",200,"SLU Artdatabanken",1474250941,NA,"PRESERVED_SPECIMEN",2015,9,13,2015-09-13,"WGS84","Artportalen","55166062"
"Spiraea betulifolia",12.96231,56.697,"inmano","SWE",NA,"PRESENT",150,"SLU Artdatabanken",1213792779,NA,"PRESERVED_SPECIMEN",2015,9,11,2015-09-11,"WGS84","Artportalen","55302604"
"Spiraea betulifolia",12.29554,57.10108,"inmano","SWE",NA,"PRESENT",100,"SLU Artdatabanken",1477918466,NA,"PRESERVED_SPECIMEN",2015,10,11,2015-10-11,"WGS84","Artportalen","55553011"
"Spiraea betulifolia",17.31911,62.47944,NA,"SWE",NA,"PRESENT",10,"SLU Artdatabanken",1477927068,NA,"HUMAN_OBSERVATION",2015,10,23,2015-10-23,"WGS84","Artportalen","55564774"
"Spiraea betulifolia",18.22861,49.81333,"cdc,colmano,inmafu","CZE",NA,"PRESENT",500,"BRNU",3704109311,NA,"PRESERVED_SPECIMEN",2014,6,20,2014-06-20,"WGS84",NA,"681951"
"Spiraea betulifolia",158.643566,53.046633,"cdc,cdround","RUS",NA,"PRESENT",10,"iNaturalist",3013906691,"https://www.inaturalist.org/observations/67041642","HUMAN_OBSERVATION",2014,7,2,2014-07-02 00:48:00,"WGS84","iNaturalist research-grade observations","67041642"
"Spiraea betulifolia",-115.87159,44.78139,"cdc,incomis,inmafu","USA",NA,"PRESENT",50,"ID",4073893504,NA,"PRESERVED_SPECIMEN",2014,7,4,2014-07-04,"WGS84",NA,"170163"
"Spiraea betulifolia",-135.840454,63.861698,"cdc,cdround,gass84","CAN",NA,"PRESENT",250,"naturgucker",2330205556,NA,"HUMAN_OBSERVATION",2014,7,11,2014-07-11,"WGS84",NA,"242786661"
"Spiraea betulifolia",17.79137,59.8537,NA,"SWE",NA,"PRESENT",50,"SLU Artdatabanken",1036794113,NA,"HUMAN_OBSERVATION",2014,9,6,2014-09-06,"WGS84","Artportalen","16617515"
"Spiraea betulifolia",-103.9023,44.3989,"cdc,incomis,inmafu","USA",NA,"PRESENT",50,"CM",2859333494,"https://midatlanticherbaria.org/portal/collections/individual/index.php?occid=11922613","PRESERVED_SPECIMEN",2013,6,22,2013-06-22,"WGS84",NA,"CM530551"
"Spiraea betulifolia",-103.5136,44.3694,"cdc,incomis,inmafu","USA",NA,"PRESENT",50,"CM",2859075475,"https://midatlanticherbaria.org/portal/collections/individual/index.php?occid=11922691","PRESERVED_SPECIMEN",2013,6,18,2013-06-18,"WGS84",NA,"CM532183"
"Spiraea betulifolia",-115.71458,45.014,"cdc,gass84,incomis,inmafu","USA",NA,"PRESENT",4,"ID",4073856538,NA,"PRESERVED_SPECIMEN",2013,7,8,2013-07-08,"WGS84",NA,"171171"
"Spiraea betulifolia",-114.840132,45.125287,"cdc,incomis,inmafu","USA",NA,"PRESENT",629,"ID",4073899823,NA,"PRESERVED_SPECIMEN",2012,7,25,2012-07-25,"WGS84",NA,"165898"
"Spiraea betulifolia",11.88684,58.15196,NA,"SWE",NA,"PRESENT",50,"SLU Artdatabanken",2847420425,NA,"HUMAN_OBSERVATION",2012,7,28,2012-07-28,"WGS84","Artportalen","86961492"
"Spiraea betulifolia",-88.063283,41.816294,"cdc,inmafu","USA",NA,"PRESENT",1000,"CDA",3059662938,"https://cch2.org/portal/collections/individual/index.php?occid=4084608","PRESERVED_SPECIMEN",2011,5,18,2011-05-18,"WGS84",NA,"CDA-0052633"
"Spiraea betulifolia",-114.8039847,45.1123373,"cdc,cdrep,incomis,inmafu","USA",NA,"PRESENT",7,"ID",4073876360,NA,"PRESERVED_SPECIMEN",2011,6,14,2011-06-14,"WGS84",NA,"171588"
"Spiraea betulifolia",-116.78396,45.05684,"cdc,incomis,inmafu","USA",NA,"PRESENT",3,"SRP",4068942633,NA,"PRESERVED_SPECIMEN",2011,6,25,2011-06-25,"WGS84",NA,"46394"
"Spiraea betulifolia",17.79067,59.85344,NA,"SWE",2,"PRESENT",10,"SLU Artdatabanken",3013219712,NA,"HUMAN_OBSERVATION",2011,6,2,2011-06-02,"WGS84","Artportalen","89855045"
"Spiraea betulifolia",-114.8496558,45.104607,"cdc,cdrep,incomis,inmafu","USA",NA,"PRESENT",15,"ID",4073823092,NA,"PRESERVED_SPECIMEN",2011,7,19,2011-07-19,"WGS84",NA,"172849"
"Spiraea betulifolia",-114.866866,45.0907469,"cdc,cdrep,incomis,inmafu","USA",NA,"PRESENT",14,"ID",4073832378,NA,"PRESERVED_SPECIMEN",2011,7,14,2011-07-14,"WGS84",NA,"171571"
"Spiraea betulifolia",-114.9230784,45.1461761,"cdc,cdrep,incomis,inmafu","USA",NA,"PRESENT",7,"ID",4073867641,NA,"PRESERVED_SPECIMEN",2011,7,15,2011-07-15,"WGS84",NA,"171556"
"Spiraea betulifolia",-114.9968605,45.1513455,"cdc,cdrep,incomis,inmafu","USA",NA,"PRESENT",43,"ID",4073840350,NA,"PRESERVED_SPECIMEN",2011,8,4,2011-08-04,"WGS84",NA,"165502"
"Spiraea betulifolia",158.128364,53.914464,"cdc,cdround","RUS",NA,"PRESENT",18,"iNaturalist",3059075966,"https://www.inaturalist.org/observations/70908099","HUMAN_OBSERVATION",2011,8,30,2011-08-30 10:16:00,"WGS84","iNaturalist research-grade observations","70908099"
"Spiraea betulifolia",17.79056,59.85341,NA,"SWE",NA,"PRESENT",50,"SLU Artdatabanken",855044512,NA,"HUMAN_OBSERVATION",2011,8,30,2011-08-30,"WGS84","Artportalen","5818390"
"Spiraea betulifolia",12.86789,56.65401,NA,"SWE",NA,"PRESENT",10,"SLU Artdatabanken",855032509,NA,"HUMAN_OBSERVATION",2011,9,9,2011-09-09,"WGS84","Artportalen","5818391"
"Spiraea betulifolia",158.232031,52.995715,"cdc,cdround","RUS",NA,"PRESENT",61,"iNaturalist",2444963799,"https://www.inaturalist.org/observations/34574247","HUMAN_OBSERVATION",2010,6,27,2010-06-27,"WGS84","iNaturalist research-grade observations","34574247"
"Spiraea betulifolia",24.867522,60.640853,"cdc,colmano,inmafu","FIN",NA,"PRESENT",1000,"OULU",3733607144,NA,"PRESERVED_SPECIMEN",2010,6,17,2010-06-17,"WGS84",NA,"http://id.herb.oulu.fi/GAL.3189"
"Spiraea betulifolia",135.726339,44.335255,"cdc,cdround","RUS",NA,"PRESENT",61,"iNaturalist",2350304889,"https://www.inaturalist.org/observations/22314338","HUMAN_OBSERVATION",2010,7,26,2010-07-26 15:11:00,"WGS84","iNaturalist research-grade observations","22314338"
"Spiraea betulifolia",158.768178,53.511735,"cdc","RUS",NA,"PRESENT",10,"iNaturalist",2242812845,"https://www.inaturalist.org/observations/24468194","HUMAN_OBSERVATION",2010,7,20,2010-07-20 11:23:00,"WGS84","iNaturalist research-grade observations","24468194"
"Spiraea betulifolia",26.682096,61.976636,"cdc,colmano,inmafu","FIN",NA,"PRESENT",1000,"OULU",3733643191,NA,"PRESERVED_SPECIMEN",2010,7,27,2010-07-27,"WGS84",NA,"http://id.herb.oulu.fi/GAL.3190"
"Spiraea betulifolia",158.4,52.6,"cdc,colmafu,inmafu","RUS",NA,"PRESENT",1000,"Moscow State University",1697243160,"https://plant.depo.msu.ru/open/public/item/MW0085096","PRESERVED_SPECIMEN",2010,7,3,2010-07-03,"WGS84","Moscow Digital Herbarium","MW0085096"
"Spiraea betulifolia",44.12925,58.914483,"cdc,cdround,colmafu,inmafu","RUS",NA,"PRESENT",1000,"Moscow State University",1697532314,"https://plant.depo.msu.ru/open/public/item/MW0383258","PRESERVED_SPECIMEN",2010,7,21,2010-07-21,"WGS84","Moscow Digital Herbarium","MW0383258"
"Spiraea betulifolia",17.79056,59.85344,NA,"SWE",1,"PRESENT",25,"SLU Artdatabanken",853120110,NA,"HUMAN_OBSERVATION",2010,7,24,2010-07-24,"WGS84","Artportalen","5818386"
"Spiraea betulifolia",17.79059,59.85346,NA,"SWE",NA,"PRESENT",25,"SLU Artdatabanken",853514678,NA,"HUMAN_OBSERVATION",2010,8,9,2010-08-09,"WGS84","Artportalen","5818387"
"Spiraea betulifolia",15.14894,59.23606,"inmano","SWE",NA,"PRESENT",50,"SLU Artdatabanken",853980195,NA,"PRESERVED_SPECIMEN",2010,8,22,2010-08-22,"WGS84","Artportalen","6675362"
"Spiraea betulifolia",15.13376,59.2896,"inmano","SWE",NA,"PRESENT",5,"SLU Artdatabanken",1212424718,NA,"PRESERVED_SPECIMEN",2010,9,18,2010-09-18,"WGS84","Artportalen","55955117"
"Spiraea betulifolia",12.04665,57.84573,NA,"SWE",2,"PRESENT",100,"SLU Artdatabanken",854231299,NA,"HUMAN_OBSERVATION",2010,9,2,2010-09-02,"WGS84","Artportalen","5818388"
"Spiraea betulifolia",158.038501,54.052773,"cdc,cdround","RUS",NA,"PRESENT",21,"iNaturalist",2447980237,"https://www.inaturalist.org/observations/35040522","HUMAN_OBSERVATION",2009,6,12,2009-06-12 18:28:00,"WGS84","iNaturalist research-grade observations","35040522"
"Spiraea betulifolia",17.79029,59.85334,NA,"SWE",NA,"PRESENT",10,"SLU Artdatabanken",851823403,NA,"HUMAN_OBSERVATION",2009,7,30,2009-07-30,"WGS84","Artportalen","5818379"
"Spiraea betulifolia",-116.511024,52.163427,"osiic,colmano,inmafu","CAN",1,"PRESENT",8,"University of Alberta Museums",883406371,"https://search.museums.ualberta.ca/12-100424","PRESERVED_SPECIMEN",2009,8,11,2009-08-11,"WGS84","University of Alberta Vascular Plant Herbarium (ALTA-VP)","122249"
"Spiraea betulifolia",24.725434,64.666596,"cdc,colmano,inmafu","FIN",NA,"PRESENT",100,"OULU",3733493105,NA,"PRESERVED_SPECIMEN",2009,9,24,2009-09-24,"WGS84",NA,"http://tun.fi/MKA.761280"
"Spiraea betulifolia",17.78761,59.85367,NA,"SWE",NA,"PRESENT",150,"SLU Artdatabanken",1051417449,NA,"HUMAN_OBSERVATION",2009,9,12,2009-09-12,"WGS84","Artportalen","16979562"
"Spiraea betulifolia",17.79051,59.85344,NA,"SWE",NA,"PRESENT",25,"SLU Artdatabanken",852283088,NA,"HUMAN_OBSERVATION",2009,9,12,2009-09-12,"WGS84","Artportalen","5818381"
"Spiraea betulifolia",17.85977,59.60643,NA,"SWE",NA,"PRESENT",10,"SLU Artdatabanken",852289196,NA,"HUMAN_OBSERVATION",2009,9,13,2009-09-13,"WGS84","Artportalen","5818384"
"Spiraea betulifolia",16.54718,59.34213,NA,"SWE",NA,"PRESENT",25,"SLU Artdatabanken",852292654,NA,"HUMAN_OBSERVATION",2009,9,18,2009-09-18,"WGS84","Artportalen","5818385"
"Spiraea betulifolia",158.747568,53.264284,"cdc","RUS",NA,"PRESENT",10,"iNaturalist",2992792384,"https://www.inaturalist.org/observations/24466690","HUMAN_OBSERVATION",2008,7,25,2008-07-25 09:01:00,"WGS84","iNaturalist research-grade observations","24466690"
"Spiraea betulifolia",158.740357,53.262939,"cdc","RUS",NA,"PRESENT",10,"iNaturalist",2242814916,"https://www.inaturalist.org/observations/24467196","HUMAN_OBSERVATION",2008,7,17,2008-07-17 09:12:00,"WGS84","iNaturalist research-grade observations","24467196"
"Spiraea betulifolia",157.663519,53.696792,"cdc,cdround","RUS",NA,"PRESENT",17,"iNaturalist",3013937639,"https://www.inaturalist.org/observations/67037364","HUMAN_OBSERVATION",2008,7,31,2008-07-31 18:07:00,"WGS84","iNaturalist research-grade observations","67037364"
"Spiraea betulifolia",-114.536656,53.269331,"osiic,colmano,inmafu","CAN",1,"PRESENT",30,"University of Alberta Museums",883393871,"https://search.museums.ualberta.ca/12-89211","PRESERVED_SPECIMEN",2008,7,4,2008-07-04,"WGS84","University of Alberta Vascular Plant Herbarium (ALTA-VP)","120214"
"Spiraea betulifolia",-106.3707,41.504,"cdc,ambinst","USA",NA,"PRESENT",1000,"COLO",2573519162,"https://botanydb.colorado.edu:443/collections/individual/index.php?occid=373200","PRESERVED_SPECIMEN",2008,8,11,2008-08-11,"WGS84",NA,"01942085"
"Spiraea betulifolia",17.78923,59.85499,NA,"SWE",NA,"PRESENT",25,"SLU Artdatabanken",849795622,NA,"HUMAN_OBSERVATION",2007,8,17,2007-08-17,"WGS84","Artportalen","5818376"
"Spiraea betulifolia",12.0983,57.79268,NA,"SWE",NA,"PRESENT",300,"SLU Artdatabanken",851213108,NA,"HUMAN_OBSERVATION",2007,9,29,2007-09-29,"WGS84","Artportalen","5818377"
"Spiraea betulifolia",12.10091,57.79186,NA,"SWE",NA,"PRESENT",250,"SLU Artdatabanken",851592602,NA,"HUMAN_OBSERVATION",2007,9,29,2007-09-29,"WGS84","Artportalen","5818378"
"Spiraea betulifolia",-119.656702,54.108747,"osiic,colmano,inmafu","CAN",1,"PRESENT",30,"University of Alberta Museums",883413863,"https://search.museums.ualberta.ca/12-108341","PRESERVED_SPECIMEN",2006,7,26,2006-07-26,"WGS84","University of Alberta Vascular Plant Herbarium (ALTA-VP)","124455"
"Spiraea betulifolia",-115.0890289,46.7220867,"cdc,cdrep,incomis,inmafu","USA",NA,"PRESENT",800,"ID",4073958809,NA,"PRESERVED_SPECIMEN",2005,7,7,2005-07-07,"WGS84",NA,NA
"Spiraea betulifolia",177.840168,64.763495,"cdc,cdround","RUS",NA,"PRESENT",317,"iNaturalist",3337503064,"https://www.inaturalist.org/observations/90236487","HUMAN_OBSERVATION",2005,7,9,2005-07-09 09:23:00,"WGS84","iNaturalist research-grade observations","90236487"
"Spiraea betulifolia",-171.50483,65.582326,"cdc,cdround","RUS",NA,"PRESENT",488,"iNaturalist",3337379124,"https://www.inaturalist.org/observations/90237133","HUMAN_OBSERVATION",2005,7,5,2005-07-05 03:47:00,"WGS84","iNaturalist research-grade observations","90237133"
"Spiraea betulifolia",30.0105,69.6774,"cdc","NOR",NA,"PRESENT",1,"TROM",1323860276,NA,"PRESERVED_SPECIMEN",2005,9,14,2005-09-14,"WGS84",NA,"964901"
"Spiraea betulifolia",12.09864,57.79269,NA,"SWE",NA,"PRESENT",50,"SLU Artdatabanken",851239449,NA,"HUMAN_OBSERVATION",2005,9,24,2005-09-24,"WGS84","Artportalen","5818369"
"Spiraea betulifolia",12.09854,57.79035,NA,"SWE",NA,"PRESENT",10,"SLU Artdatabanken",849505628,NA,"HUMAN_OBSERVATION",2005,9,25,2005-09-25,"WGS84","Artportalen","5818372"
"Spiraea betulifolia",17.78868,59.85505,NA,"SWE",NA,"PRESENT",100,"SLU Artdatabanken",1801576148,NA,"HUMAN_OBSERVATION",2004,1,1,2004-01-01,"WGS84","Artportalen","65923178"
"Spiraea betulifolia",-110.803056,45.568333,"cdc,cdround,incomis,inmafu","USA",NA,"PRESENT",100,"CM",2859078404,"https://midatlanticherbaria.org/portal/collections/individual/index.php?occid=11921470","PRESERVED_SPECIMEN",2004,7,30,2004-07-30,"WGS84",NA,"CM507099"
"Spiraea betulifolia",-111.170556,45.356944,"cdc,cdround,incomis,inmafu","USA",NA,"PRESENT",100,"CM",2859069430,"https://midatlanticherbaria.org/portal/collections/individual/index.php?occid=11921471","PRESERVED_SPECIMEN",2004,7,31,2004-07-31,"WGS84",NA,"CM507116"
"Spiraea betulifolia",14.48202,59.3147,NA,"SWE",NA,"PRESENT",25,"SLU Artdatabanken",855323665,NA,"HUMAN_OBSERVATION",2004,8,20,2004-08-20,"WGS84","Artportalen","5818368"
"Spiraea betulifolia",17.78147,59.85538,"inmano","SWE",NA,"PRESENT",10,"SLU Artdatabanken",1460594738,NA,"PRESERVED_SPECIMEN",2004,9,19,2004-09-19,"WGS84","Artportalen","16857056"
"Spiraea betulifolia",17.13331,59.66578,NA,"SWE",NA,"PRESENT",100,"SLU Artdatabanken",1837642235,NA,"HUMAN_OBSERVATION",2003,1,1,2003-01-01,"WGS84","Artportalen","70351019"
"Spiraea betulifolia",-120.860667,48.571617,"cdc,cdround,gass84,incomis,inmafu","USA",NA,"PRESENT",10,"UWBM",441845099,NA,"PRESERVED_SPECIMEN",2003,8,23,2003-08-23,"WGS84",NA,"3462"
"Spiraea betulifolia",-103.724658,44.191125,"cdc,colmafu,inmafu","USA",NA,"PRESENT",1000,"BHSC",2821218847,"https://ngpherbaria.org/portal/collections/individual/index.php?occid=25282002","PRESERVED_SPECIMEN",2002,6,25,2002-06-25,"WGS84",NA,"BHSC0060957"
"Spiraea betulifolia",-151.0515,59.62677,"cdc,incomis,inmafu","USA",NA,"PRESENT",50,"KNWR",2465053769,"http://arctos.database.museum/guid/KNWR:Herb:696","PRESERVED_SPECIMEN",2002,6,26,2002-06-26,"WGS84",NA,"KNWR:Herb:696"
"Spiraea betulifolia",142.91025,46.641333,"cdc,cdround,ambinst","RUS",NA,"PRESENT",30,"UAM",1500193153,"http://arctos.database.museum/guid/UAM:Herb:253917","PRESERVED_SPECIMEN",2001,7,28,2001-07-28,"WGS84",NA,"UAM:Herb:253917"
"Spiraea betulifolia",-122.872286,45.447541,"cdc,incomis,inmafu","USA",NA,"PRESENT",571,"HPSU",4070164631,NA,"PRESERVED_SPECIMEN",1998,6,3,1998-06-03,"WGS84",NA,"8583"
"Spiraea betulifolia",-116.1939613,46.8381772,"cdc,cdrep,incomis,inmafu","USA",NA,"PRESENT",800,"ID",4073945583,NA,"PRESERVED_SPECIMEN",1996,7,21,1996-07-21,"WGS84",NA,"119031"
"Spiraea betulifolia",-116.174415,45.722996,"cdc,incomis,inmafu","USA",NA,"PRESENT",284,"ID",4073871548,NA,"PRESERVED_SPECIMEN",1995,7,8,1995-07-08,"WGS84",NA,"114012"
"Spiraea betulifolia",-112.736976,47.865323,"cdc,incomis,inmafu","USA",NA,"PRESENT",177,"MONTU",4069883455,NA,"PRESERVED_SPECIMEN",1995,8,20,1995-08-20,"WGS84",NA,"120649"
"Spiraea betulifolia",17.35965,62.3565,NA,"SWE",NA,"PRESENT",500,"SLU Artdatabanken",932401302,NA,"HUMAN_OBSERVATION",1994,8,12,1994-08-12,"WGS84","Artportalen","16112895"
"Spiraea betulifolia",-115.064297,44.653273,"cdc,inmafu","USA",NA,"PRESENT",969,"DBG",2242388443,"https://intermountainbiota.org/portal/collections/individual/index.php?occid=3238465","PRESERVED_SPECIMEN",1993,8,19,1993-08-19,"WGS84",NA,"KHD00023638"
"Spiraea betulifolia",-114.0189239,48.1601923,"cdc,cdrep,incomis,inmafu","USA",NA,"PRESENT",800,"ID",4073848110,NA,"PRESERVED_SPECIMEN",1992,6,26,1992-06-26,"WGS84",NA,"105763"
"Spiraea betulifolia",16.45238,57.26475,NA,"SWE",NA,"PRESENT",50,"SLU Artdatabanken",2246638412,NA,"HUMAN_OBSERVATION",1991,6,21,1991-06-21,"WGS84","Artportalen","75037650"
"Spiraea betulifolia",-79.807655,36.068393,"cdc,colmafu,inmafu","USA",NA,"PRESENT",50,"NCU",3395298391,"https://sernecportal.org/portal/collections/individual/index.php?occid=28216827","PRESERVED_SPECIMEN",1990,4,9,1990-04-09,"WGS84",NA,"NCU00444092"
"Spiraea betulifolia",-116.399402,46.799043,"cdc,incomis,inmafu","USA",NA,"PRESENT",569,"ID",4073843092,NA,"PRESERVED_SPECIMEN",1990,5,14,1990-05-14,"WGS84",NA,"100747"
"Spiraea betulifolia",-115.7503193,45.0566901,"cdc,cdrep,incomis,inmafu","USA",NA,"PRESENT",800,"ID",4073789502,NA,"PRESERVED_SPECIMEN",1990,7,7,1990-07-07,"WGS84",NA,"99831"
"Spiraea betulifolia",-112.967386,47.112454,"cdc,incomis,inmafu","USA",NA,"PRESENT",284,"MONTU",4069920822,NA,"PRESERVED_SPECIMEN",1990,8,2,1990-08-02,"WGS84",NA,"167598"
"Spiraea betulifolia",-114.588149,45.152084,"cdc,incomis,inmafu","USA",NA,"PRESENT",500,"ID",4073794135,NA,"PRESERVED_SPECIMEN",1990,8,3,1990-08-03,"WGS84",NA,"106822"
"Spiraea betulifolia",160.124719,54.427722,"cdc,colmafu,inmafu","RUS",NA,"PRESENT",1000,"Moscow State University",1697242461,"https://plant.depo.msu.ru/open/public/item/MW0084407","PRESERVED_SPECIMEN",1990,8,3,1990-08-03,"WGS84","Moscow Digital Herbarium","MW0084407"
"Spiraea betulifolia",-115.7635793,48.4647777,"cdc,cdrep,incomis,inmafu","USA",NA,"PRESENT",800,"ID",4073831289,NA,"PRESERVED_SPECIMEN",1989,6,18,1989-06-18,"WGS84",NA,"100450"
"Spiraea betulifolia",-150.294631,60.346752,"cdc,cdround,incomis,inmafu","USA",NA,"PRESENT",300,"KNWR",2465052130,"http://arctos.database.museum/guid/KNWR:Herb:11203","PRESERVED_SPECIMEN",1989,7,1,1989-07-01,"WGS84",NA,"KNWR:Herb:11203"
"Spiraea betulifolia",134.5,51.7,"cdc,colmafu,inmafu","RUS",NA,"PRESENT",100,"Moscow State University",1697243246,"https://plant.depo.msu.ru/open/public/item/MW0085191","PRESERVED_SPECIMEN",1989,8,12,1989-08-12,"WGS84","Moscow Digital Herbarium","MW0085191"
"Spiraea betulifolia",-113.5713537,44.6160103,"cdc,cdrep,incomis,inmafu","USA",NA,"PRESENT",800,"ID",4073819136,NA,"PRESERVED_SPECIMEN",1988,9,14,1988-09-14,"WGS84",NA,"99550"
"Spiraea betulifolia",134.3,52.13333,"cdc,colmafu,inmafu","RUS",NA,"PRESENT",500,"Moscow State University",1697243253,"https://plant.depo.msu.ru/open/public/item/MW0085193","PRESERVED_SPECIMEN",1987,8,7,1987-08-07,"WGS84","Moscow Digital Herbarium","MW0085193"
"Spiraea betulifolia",-116.248896,48.064009,"cdc,incomis,inmafu","USA",NA,"PRESENT",569,"ID",4073806303,NA,"PRESERVED_SPECIMEN",1986,6,22,1986-06-22,"WGS84",NA,"93484"
"Spiraea betulifolia",-115.5268323,46.2144852,"cdc,cdrep,incomis,inmafu","USA",NA,"PRESENT",800,"ID",4073808407,NA,"PRESERVED_SPECIMEN",1986,6,13,1986-06-13,"WGS84",NA,"93403"
"Spiraea betulifolia",-116.6653139,48.9266701,"cdc,cdrep,incomis,inmafu","USA",NA,"PRESENT",800,"ID",4073956693,NA,"PRESERVED_SPECIMEN",1986,7,10,1986-07-10,"WGS84",NA,"93738"
"Spiraea betulifolia",-113.8067101,47.7230944,"cdc,cdrep,incomis,inmafu","USA",NA,"PRESENT",800,"ID",4073765838,NA,"PRESERVED_SPECIMEN",1986,7,7,1986-07-07,"WGS84",NA,"93821"
"Spiraea betulifolia",-116.614058,46.380363,"cdc,inmano","USA",NA,"PRESENT",569,"IDE",4074146632,NA,"PRESERVED_SPECIMEN",1985,6,10,1985-06-10,"WGS84",NA,"5459"
"Spiraea betulifolia",-116.6813778,47.0136725,"cdc,cdrep,incomis,inmafu","USA",NA,"PRESENT",800,"ID",4073867196,NA,"PRESERVED_SPECIMEN",1985,9,15,1985-09-15,"WGS84",NA,"96999"
"Spiraea betulifolia",16.41502,62.44011,NA,"SWE",NA,"PRESENT",500,"SLU Artdatabanken",932452808,NA,"HUMAN_OBSERVATION",1983,6,4,1983-06-04,"WGS84","Artportalen","16168129"
"Spiraea betulifolia",-148.869837,63.406029,"cdc,inmafu","USA",NA,"PRESENT",737,"LFCC",3357422523,"https://www.sernecportal.org/portal/collections/individual/index.php?occid=27901914","PRESERVED_SPECIMEN",1983,7,9,1983-07-09,"WGS84",NA,"LFCC-0011381"
"Spiraea betulifolia",-116.6813789,47.0715723,"cdc,cdrep,incomis,inmafu","USA",NA,"PRESENT",800,"ID",4073831285,NA,"PRESERVED_SPECIMEN",1983,7,NA,1983-07-01,"WGS84",NA,"161574"
"Spiraea betulifolia",-131.866667,63.466667,"cdc,cdround,colmafu,inmafu","CAN",NA,"PRESENT",1000,"Moscow State University",1801073380,"https://plant.depo.msu.ru/open/public/item/MW0575215","PRESERVED_SPECIMEN",1981,6,30,1981-06-30,"WGS84","Moscow Digital Herbarium","MW0575215"
"Spiraea betulifolia",-116.444196,52.029696,"osiic,colmano,inmafu","CAN",1,"PRESENT",284,"University of Alberta Museums",883419037,"https://search.museums.ualberta.ca/12-115249","PRESERVED_SPECIMEN",1981,6,21,1981-06-21,"WGS84","University of Alberta Vascular Plant Herbarium (ALTA-VP)","130308"
"Spiraea betulifolia",-115.603485,44.078592,"cdc,incomis,inmafu","USA",NA,"PRESENT",362,"ID",4073791065,NA,"PRESERVED_SPECIMEN",1980,6,27,1980-06-27,"WGS84",NA,"85535"
